112; 2,33
15376; 2,25
30590; 2,19
45805; 2,21
61019; 2,20
76233; 2,16
91448; 2,13
106661; 2,09
121876; 2,10
137091; 2,11
152304; 2,11
167519; 2,12
182733; 2,13
197948; 2,12
213161; 2,12
228376; 2,12
243591; 2,12
258804; 2,12
274019; 2,12
289233; 2,13
304447; 2,12
319662; 2,13
334876; 2,13
350091; 2,13
365304; 2,13
380519; 2,14
395734; 2,13
410947; 2,13
426162; 2,14
441376; 2,14
456591; 2,14
471804; 2,14
487019; 2,14
502234; 2,13
517447; 2,14
532662; 2,14
547876; 2,14
563091; 2,14
578309; 2,15
593523; 2,14
608738; 2,14
623952; 2,15
639167; 2,15
654382; 2,14
669596; 2,14
684812; 2,14
700026; 2,15
715241; 2,14
730456; 2,15
745670; 2,14
760885; 2,15
776099; 2,14
791314; 2,14
806529; 2,15
821743; 2,15
836958; 2,15
852172; 2,14
867387; 2,15
882601; 2,15
897816; 2,15
913039; 2,15
928253; 2,15
943476; 2,15
958691; 2,15
973905; 2,15
989120; 2,15
1004335; 2,15
1019549; 2,15
1034764; 2,14
1049978; 2,14
1065193; 2,15
1080408; 2,15
1095623; 2,14
1110838; 2,15
1126056; 2,15
1141271; 2,15
1156486; 2,15
1171700; 2,15
1186915; 2,15
1202129; 2,15
1217344; 2,15
1232559; 2,14
1247773; 2,15
1262988; 2,14
1278202; 2,14
1293417; 2,14
1308632; 2,15
1323846; 2,15
1339061; 2,15
1354275; 2,15
1369490; 2,15
1384705; 2,15
1399919; 2,15
1415134; 2,15
1430348; 2,15
1445563; 2,15
1460777; 2,15
1475992; 2,16
1491207; 2,16
1506421; 2,15
1521636; 2,15
1536850; 2,15
1552065; 2,15
1567280; 2,15
1582494; 2,16
1597709; 2,15
1612923; 2,16
1628138; 2,16
1643357; 2,16
1658571; 2,16
1673786; 2,16
1689000; 2,15
1704215; 2,16
1719430; 2,16
1734644; 2,16
1749859; 2,15
1765072; 2,16
1780287; 2,16
1795502; 2,16
1810716; 2,16
1825939; 2,16
1841154; 2,15
1856368; 2,16
1871583; 2,15
1886804; 2,15
1902019; 2,16
1917234; 2,15
1932448; 2,15
1947663; 2,16
1962877; 2,16
1978092; 2,16
1993307; 2,16
2008521; 2,15
2023736; 2,16
2038950; 2,16
2054165; 2,16
2069380; 2,16
2084594; 2,16
2099809; 2,16
2115023; 2,16
2130238; 2,15
2145453; 2,15
2160671; 2,15
2175886; 2,15
2191100; 2,15
2206315; 2,15
2221530; 2,15
2236744; 2,15
2251959; 2,15
2267173; 2,15
2282388; 2,13
2297603; 2,15
2312817; 2,15
2328032; 2,15
2343246; 2,15
2358461; 2,15
2373676; 2,15
2388890; 2,15
2404105; 2,15
2419319; 2,15
2434534; 2,15
2449748; 2,15
2464963; 2,15
2480178; 2,15
2495392; 2,15
2510607; 2,15
2525821; 2,15
2541036; 2,15
2556251; 2,15
2571465; 2,15
2586680; 2,15
2601894; 2,15
2617109; 2,15
2632324; 2,15
2647538; 2,15
2662753; 2,15
2677971; 2,15
2693186; 2,15
2708401; 2,16
2723623; 2,16
2738838; 2,15
2754053; 2,16
2769267; 2,17
2784482; 2,17
2799696; 2,15
2814919; 2,14
2830134; 2,14
2845348; 2,13
2860563; 2,12
2875778; 2,12
2890993; 2,11
2906208; 2,11
2921422; 2,10
2936637; 2,10
2951852; 2,10
2967066; 2,10
2982281; 2,09
2997495; 2,08
3012710; 2,08
3027924; 2,08
3043140; 2,08
3058355; 2,07
3073569; 2,07
3088784; 2,07
3103998; 2,07
3119213; 2,07
3134428; 2,07
3149642; 2,07
3164858; 2,07
3180072; 2,07
3195291; 2,08
3210506; 2,07
3225720; 2,07
3240935; 2,07
3256148; 2,07
3271363; 2,07
3286578; 2,07
3301792; 2,07
3317007; 2,07
3332221; 2,07
3347436; 2,07
3362651; 2,07
3377865; 2,07
3393080; 2,08
3408294; 2,07
3423509; 2,07
3438724; 2,08
3453938; 2,09
3469153; 2,09
3484367; 2,09
3499582; 2,09
3514797; 2,09
3530011; 2,09
3545226; 2,09
3560440; 2,09
3575655; 2,09
3590870; 2,09
3606084; 2,09
3621299; 2,09
3636520; 2,09
3651735; 2,09
3666950; 2,09
3682164; 2,09
3697379; 2,10
3712598; 2,09
3727812; 2,09
3743027; 2,09
3758248; 2,09
3773463; 2,09
3788678; 2,09
3803892; 2,09
3819107; 2,09
3834321; 2,09
3849536; 2,10
3864751; 2,10
3879965; 2,09
3895180; 2,09
3910394; 2,09
3925609; 2,10
3940824; 2,09
3956038; 2,09
3971253; 2,09
3986467; 2,09
4001682; 2,10
4016897; 2,09
4032111; 2,09
4047326; 2,09
4062540; 2,10
4077755; 2,09
4092968; 2,09
4108183; 2,10
4123398; 2,10
4138612; 2,09
4153827; 2,09
4169041; 2,10
4184256; 2,10
4199471; 2,10
4214685; 2,10
4229900; 2,10
4245118; 2,09
4260333; 2,10
4275548; 2,10
4290762; 2,11
4305977; 2,11
4321191; 2,10
4336406; 2,10
4351621; 2,10
4366835; 2,10
4382050; 2,10
4397264; 2,10
4412479; 2,10
4427694; 2,09
4442908; 2,10
4458123; 2,11
4473337; 2,10
4488552; 2,10
4503767; 2,10
4518981; 2,10
4534196; 2,10
4549417; 2,10
4564632; 2,10
4579847; 2,09
4595061; 2,10
4610276; 2,10
4625490; 2,10
4640705; 2,10
4655920; 2,10
4671134; 2,10
4686349; 2,10
4701571; 2,10
4716785; 2,11
4732000; 2,11
4747214; 2,11
4762433; 2,11
4777648; 2,11
4792862; 2,11
4808077; 2,11
4823291; 2,11
4838506; 2,11
4853721; 2,13
4868935; 2,13
4884150; 2,13
4899365; 2,13
4914580; 2,14
4929795; 2,14
4945009; 2,14
4960224; 2,14
4975438; 2,14
4990653; 2,14
5005868; 2,14
5021082; 2,14
5036297; 2,15
5051511; 2,15
5066726; 2,15
5081940; 2,15
5097156; 2,15
5112371; 2,15
5127585; 2,15
5142800; 2,15
5158014; 2,15
5173229; 2,15
5188444; 2,15
5203658; 2,15
5218873; 2,15
5234087; 2,15
5249302; 2,15
5264517; 2,15
5279735; 2,15
5294950; 2,15
5310164; 2,15
5325379; 2,16
5340594; 2,16
5355808; 2,16
5371023; 2,16
5386237; 2,16
5401452; 2,15
5416667; 2,16
5431881; 2,15
5447103; 2,16
5462318; 2,16
5477532; 2,15
5492747; 2,15
5507961; 2,16
5523176; 2,16
5538391; 2,16
5553605; 2,15
5568820; 2,16
5584034; 2,16
5599249; 2,15
5614464; 2,15
5629685; 2,16
5644900; 2,16
5660114; 2,16
5675329; 2,16
5690544; 2,16
5705758; 2,16
5720973; 2,16
5736187; 2,15
5751402; 2,16
5766616; 2,16
5781830; 2,15
5797049; 2,14
5812263; 2,14
5827478; 2,15
5842693; 2,15
5857907; 2,15
5873122; 2,15
5888336; 2,15
5903551; 2,15
5918766; 2,15
5933980; 2,15
5949195; 2,15
5964408; 2,15
5979623; 2,15
5994838; 2,16
6010052; 2,16
6025267; 2,16
6040481; 2,16
6055696; 2,16
6070910; 2,16
6086125; 2,16
6101340; 2,16
6116554; 2,16
6131769; 2,16
6146983; 2,16
6162198; 2,16
6177413; 2,16
6192626; 2,16
6207841; 2,16
6223055; 2,16
6238270; 2,15
6253485; 2,16
6268699; 2,15
6283914; 2,15
6299128; 2,15
6314347; 2,15
6329562; 2,15
6344776; 2,15
6359998; 2,15
6375213; 2,15
6390427; 2,15
6405642; 2,14
6420856; 2,14
6436071; 2,14
6451286; 2,14
6466500; 2,14
6481715; 2,14
6496929; 2,13
6512144; 2,13
6527358; 2,13
6542573; 2,13
6557788; 2,13
6573009; 2,14
6588224; 2,14
6603439; 2,14
6618653; 2,15
6633868; 2,15
6649082; 2,15
6664297; 2,15
6679512; 2,16
6694726; 2,16
6709941; 2,16
6725154; 2,16
6740369; 2,17
6755584; 2,16
6770798; 2,17
6786013; 2,17
6801227; 2,17
6816442; 2,17
6831661; 2,18
6846875; 2,18
6862090; 2,18
6877304; 2,19
6892519; 2,19
6907734; 2,19
6922948; 2,19
6938163; 2,19
6953377; 2,20
6968593; 2,20
6983808; 2,20
6999022; 2,20
7014237; 2,20
7029451; 2,20
7044666; 2,21
7059880; 2,21
7075095; 2,21
7090310; 2,21
7105524; 2,21
7120739; 2,21
7135953; 2,22
7151168; 2,22
7166383; 2,22
7181597; 2,22
7196812; 2,22
7212027; 2,22
7227242; 2,22
7242457; 2,21
7257671; 2,22
7272893; 2,21
7288108; 2,22
7303322; 2,22
7318537; 2,22
7333752; 2,22
7348970; 2,22
7364185; 2,24
7379399; 2,23
7394614; 2,23
7409828; 2,23
7425043; 2,24
7440258; 2,23
7455472; 2,23
7470687; 2,24
7485901; 2,24
7501123; 2,24
7516338; 2,24
7531552; 2,24
7546767; 2,24
7561981; 2,25
7577196; 2,25
7592411; 2,26
7607625; 2,26
7622840; 2,26
7638053; 2,26
7653268; 2,27
7668483; 2,26
7683697; 2,27
7698912; 2,27
7714126; 2,27
7729341; 2,26
7744556; 2,27
7759770; 2,27
7774985; 2,27
7790199; 2,27
7805414; 2,27
7820628; 2,26
7835842; 2,26
7851057; 2,26
7866271; 2,27
7881483; 2,27
7896697; 2,27
7911912; 2,28
7927127; 2,28
7942341; 2,28
7957556; 2,28
7972770; 2,29
7987985; 2,29
8003200; 2,31
8018414; 2,31
8033629; 2,30
8048843; 2,31
8064057; 2,32
8079271; 2,32
8094486; 2,33
8109701; 2,33
8124915; 2,33
8140130; 2,34
8155344; 2,34
8170559; 2,35
8185781; 2,36
8200995; 2,36
8216210; 2,36
8231425; 2,37
8246639; 2,37
8261854; 2,38
8277068; 2,38
8292283; 2,39
8307496; 2,38
8322711; 2,39
8337926; 2,40
8353140; 2,40
8368355; 2,40
8383569; 2,41
8398788; 2,41
8414011; 2,41
8429224; 2,42
8444438; 2,43
8459651; 2,43
8474864; 2,43
8490078; 2,44
8505291; 2,44
8520505; 2,45
8535718; 2,45
8550931; 2,46
8566145; 2,46
8581358; 2,46
8596572; 2,47
8611785; 2,47
8626999; 2,48
8642212; 2,48
8657425; 2,48
8672638; 2,49
8687852; 2,49
8703066; 2,50
8718279; 2,50
8733493; 2,51
8748705; 2,51
8763919; 2,51
8779132; 2,52
8794346; 2,52
8809560; 2,52
8824773; 2,53
8839986; 2,53
8855199; 2,54
8870413; 2,54
8885626; 2,55
8900840; 2,55
8916057; 2,55
8931270; 2,56
8946484; 2,56
8961697; 2,56
8976911; 2,57
8992124; 2,57
9007337; 2,57
9022551; 2,58
9037764; 2,58
9052978; 2,59
9068191; 2,59
9083405; 2,59
9098617; 2,60
9113831; 2,60
9129044; 2,60
9144258; 2,61
9159472; 2,61
9174685; 2,60
9189898; 2,61
9205111; 2,61
9220325; 2,62
9235538; 2,62
9250752; 2,63
9265966; 2,63
9281186; 2,63
9296400; 2,64
9311613; 2,64
9326827; 2,64
9342049; 2,64
9357262; 2,65
9372475; 2,65
9387688; 2,65
9402902; 2,65
9418116; 2,66
9433332; 2,66
9448546; 2,66
9463759; 2,67
9478973; 2,67
9494187; 2,68
9509399; 2,68
9524613; 2,68
9539826; 2,68
9555040; 2,69
9570253; 2,69
9585467; 2,70
9600679; 2,69
9615893; 2,70
9631107; 2,70
9646320; 2,71
9661534; 2,71
9676747; 2,71
9691960; 2,72
9707173; 2,72
9722387; 2,72
9737601; 2,72
9752814; 2,73
9768028; 2,73
9783240; 2,73
9798454; 2,73
9813667; 2,74
9828881; 2,73
9844094; 2,74
9859308; 2,74
9874521; 2,74
9889734; 2,75
9904948; 2,75
9920161; 2,75
9935375; 2,75
9950592; 2,76
9965805; 2,76
9981019; 2,76
9996232; 2,77
10011445; 2,77
10026658; 2,77
10041872; 2,78
10057085; 2,78
10072299; 2,78
10087513; 2,78
10102726; 2,78
10117940; 2,79
10133152; 2,79
10148366; 2,78
10163588; 2,79
10178801; 2,80
10194015; 2,79
10209228; 2,80
10224441; 2,80
10239663; 2,80
10254876; 2,81
10270090; 2,81
10285303; 2,81
10300517; 2,81
10315730; 2,82
10330943; 2,81
10346157; 2,82
10361370; 2,82
10376584; 2,82
10391797; 2,82
10407011; 2,83
10422224; 2,83
10437441; 2,83
10452655; 2,83
10467868; 2,83
10483082; 2,83
10498295; 2,83
10513508; 2,83
10528721; 2,83
10543935; 2,84
10559149; 2,84
10574362; 2,84
10589576; 2,84
10604789; 2,84
10620002; 2,85
10635215; 2,85
10650429; 2,85
10665643; 2,85
10680856; 2,85
10696070; 2,86
10711283; 2,86
10726496; 2,86
10741709; 2,86
10756923; 2,86
10772136; 2,86
10787350; 2,87
10802564; 2,87
10817777; 2,87
10832990; 2,87
10848203; 2,87
10863417; 2,87
10878630; 2,87
10893844; 2,88
10909058; 2,88
10924274; 2,88
10939488; 2,88
10954701; 2,89
10969915; 2,88
10985128; 2,88
11000341; 2,89
11015555; 2,89
11030768; 2,89
11045982; 2,89
11061203; 2,89
11076417; 2,89
11091630; 2,89
11106843; 2,90
11122057; 2,90
11137270; 2,90
11152492; 2,90
11167706; 2,91
11182919; 2,91
11198132; 2,90
11213345; 2,90
11228559; 2,91
11243772; 2,91
11258986; 2,91
11274200; 2,91
11289413; 2,91
11304626; 2,92
11319839; 2,92
11335053; 2,92
11350266; 2,92
11365480; 2,92
11380694; 2,92
11395907; 2,92
11411124; 2,93
11426337; 2,93
11441551; 2,94
11456764; 2,93
11471977; 2,93
11487191; 2,93
11502404; 2,93
11517618; 2,94
11532831; 2,93
11548045; 2,94
11563257; 2,94
11578471; 2,94
11593684; 2,94
11608898; 2,94
11624112; 2,94
11639325; 2,94
11654538; 2,95
11669751; 2,95
11684965; 2,95
11700178; 2,95
11715392; 2,95
11730606; 2,95
11745819; 2,95
11761032; 2,95
11776245; 2,96
11791459; 2,96
11806672; 2,96
11821886; 2,96
11837100; 2,96
11852312; 2,96
11867526; 2,96
11882739; 2,96
11897957; 2,97
11913169; 2,97
11928383; 2,97
11943605; 2,97
11958818; 2,97
11974032; 2,97
11989245; 2,97
12004458; 2,97
12019672; 2,97
12034885; 2,97
12050107; 2,97
12065320; 2,98
12080534; 2,98
12095747; 2,98
12110960; 2,98
12126174; 2,98
12141387; 2,98
12156601; 2,98
12171814; 2,98
12187027; 2,98
12202241; 2,98
12217454; 2,99
12232668; 2,99
12247881; 2,99
12263095; 2,99
12278308; 2,99
12293521; 3,00
12308734; 2,99
12323948; 3,00
12339162; 2,99
12354375; 3,00
12369589; 3,00
12384805; 3,00
12400019; 3,00
12415233; 3,00
12430445; 3,00
12445659; 3,00
12460872; 3,01
12476086; 3,00
12491299; 3,01
12506513; 3,01
12521725; 3,01
12536939; 3,01
12552153; 3,01
12567366; 3,01
12582580; 3,01
12597792; 3,02
12613006; 3,01
12628219; 3,01
12643433; 3,02
12658647; 3,02
12673860; 3,02
12689073; 3,02
12704286; 3,02
12719500; 3,02
12734713; 3,02
12749927; 3,03
12765140; 3,02
12780353; 3,02
12795567; 3,03
12810780; 3,03
12825994; 3,02
12841216; 3,03
12856428; 3,03
12871646; 3,03
12886859; 3,03
12902072; 3,03
12917285; 3,03
12932499; 3,03
12947713; 3,03
12962934; 3,04
12978148; 3,03
12993360; 3,03
13008574; 3,04
13023788; 3,04
13039001; 3,04
13054215; 3,04
13069427; 3,04
13084641; 3,04
13099854; 3,04
13115068; 3,04
13130281; 3,04
13145494; 3,04
13160708; 3,04
13175921; 3,04
13191135; 3,04
13206348; 3,04
13221561; 3,05
13236774; 3,04
13251988; 3,05
13267202; 3,05
13282415; 3,05
13297629; 3,05
13312841; 3,05
13328055; 3,05
13343268; 3,05
13358485; 3,05
13373699; 3,06
13388912; 3,05
13404126; 3,05
13419339; 3,06
13434552; 3,06
13449765; 3,06
13464979; 3,06
13480193; 3,06
13495406; 3,06
13510619; 3,06
13525832; 3,06
13541046; 3,07
13556259; 3,06
13571473; 3,07
13586686; 3,07
13601899; 3,07
13617113; 3,07
13632326; 3,07
13647540; 3,07
13662753; 3,07
13677966; 3,07
13693179; 3,07
13708393; 3,07
13723607; 3,07
13738827; 3,08
13754041; 3,08
13769254; 3,08
13784468; 3,08
13799682; 3,08
13814895; 3,08
13830108; 3,08
13845325; 3,08
13860547; 3,09
13875760; 3,08
13890973; 3,09
13906187; 3,08
13921400; 3,09
13936614; 3,09
13951826; 3,09
13967040; 3,09
13982254; 3,09
13997467; 3,09
14012681; 3,09
14027894; 3,10
14043107; 3,09
14058320; 3,09
14073534; 3,09
14088748; 3,09
14103961; 3,09
14119174; 3,10
14134387; 3,10
14149601; 3,10
14164814; 3,10
14180028; 3,10
14195240; 3,10
14210454; 3,10
14225668; 3,10
14240881; 3,11
14256095; 3,11
14271307; 3,10
14286521; 3,11
14301734; 3,10
14316948; 3,11
14332165; 3,11
14347378; 3,11
14362592; 3,12
14377805; 3,11
14393018; 3,11
14408231; 3,11
14423445; 3,11
14438659; 3,11
14453872; 3,12
14469085; 3,11
14484298; 3,12
14499512; 3,11
14514725; 3,12
14529939; 3,12
14545152; 3,11
14560365; 3,12
14575579; 3,12
14590792; 3,12
14606006; 3,12
14621227; 3,12
14636440; 3,12
14651654; 3,12
14666867; 3,12
14682080; 3,12
14697293; 3,12
14712507; 3,12
14727720; 3,12
14742934; 3,12
14758147; 3,13
14773368; 3,12
14788582; 3,13
14803795; 3,13
14819012; 3,13
14834226; 3,13
14849439; 3,13
14864653; 3,13
14879865; 3,13
14895079; 3,13
14910292; 3,13
14925506; 3,13
14940720; 3,13
14955932; 3,14
14971146; 3,14
14986359; 3,13
15001573; 3,14
15016785; 3,14
15031999; 3,14
15047213; 3,14
15062426; 3,14
15077640; 3,14
15092852; 3,14
15108066; 3,14
15123279; 3,14
15138493; 3,15
15153707; 3,14
15168919; 3,14
15184133; 3,15
15199346; 3,14
15214560; 3,14
15229772; 3,15
15244986; 3,15
15260199; 3,15
15275413; 3,15
15290627; 3,15
15305843; 3,15
15321057; 3,15
15336270; 3,15
15351483; 3,15
15366696; 3,15
15381910; 3,15
15397124; 3,15
15412337; 3,15
15427550; 3,15
15442763; 3,16
15457977; 3,15
15473190; 3,16
15488403; 3,16
15503617; 3,15
15518838; 3,16
15534052; 3,16
15549264; 3,16
15564478; 3,16
15579692; 3,16
15594905; 3,16
15610118; 3,16
15625331; 3,16
15640545; 3,16
15655758; 3,16
15670972; 3,17
15686193; 3,16
15701406; 3,16
15716620; 3,16
15731833; 3,16
15747046; 3,16
15762259; 3,17
15777473; 3,17
15792690; 3,16
15807903; 3,16
15823116; 3,17
15838329; 3,17
15853543; 3,17
15868755; 3,17
15883969; 3,17
15899182; 3,17
15914395; 3,17
15929608; 3,17
15944821; 3,17
15960035; 3,17
15975247; 3,17
15990461; 3,17
16005673; 3,17
16020887; 3,18
16036101; 3,17
16051313; 3,18
16066527; 3,17
16081739; 3,18
16096953; 3,18
16112166; 3,18
16127379; 3,18
16142593; 3,18
16157805; 3,18
16173019; 3,18
16188232; 3,18
16203445; 3,18
16218658; 3,18
16233871; 3,18
16249084; 3,18
16264298; 3,18
16279515; 3,18
16294727; 3,18
16309941; 3,19
16325153; 3,18
16340367; 3,18
16355580; 3,18
16370793; 3,19
16386007; 3,18
16401227; 3,19
16416441; 3,19
16431653; 3,19
16446867; 3,19
16462081; 3,19
16477293; 3,19
16492507; 3,19
16507719; 3,19
16522933; 3,19
16538146; 3,19
16553359; 3,19
16568572; 3,19
16583794; 3,19
16599008; 3,19
16614220; 3,19
16629434; 3,19
16644646; 3,19
16659860; 3,19
16675073; 3,19
16690286; 3,19
16705500; 3,19
16720712; 3,19
16735926; 3,19
16751138; 3,19
16766356; 3,20
16781570; 3,20
16796783; 3,20
16811997; 3,20
16827210; 3,20
16842424; 3,20
16857637; 3,20
16872851; 3,20
16888065; 3,20
16903278; 3,20
16918492; 3,20
16933705; 3,20
16948919; 3,20
16964132; 3,20
16979346; 3,20
16994560; 3,20
17009773; 3,20
17024987; 3,20
17040200; 3,20
17055414; 3,20
17070627; 3,20
17085841; 3,20
17101054; 3,21
17116268; 3,20
17131482; 3,20
17146695; 3,21
17161909; 3,20
17177122; 3,20
17192336; 3,20
17207549; 3,21
17222763; 3,21
17237977; 3,21
17253193; 3,20
17268407; 3,21
17283620; 3,20
17298842; 3,21
17314056; 3,21
17329269; 3,21
17344483; 3,21
17359696; 3,21
17374910; 3,21
17390124; 3,21
17405337; 3,21
17420551; 3,21
17435764; 3,21
17450978; 3,21
17466191; 3,21
17481414; 3,21
17496628; 3,21
17511840; 3,21
17527054; 3,21
17542267; 3,21
17557481; 3,21
17572695; 3,21
17587908; 3,21
17603122; 3,22
17618335; 3,21
17633549; 3,21
17648762; 3,21
17663976; 3,21
17679190; 3,21
17694403; 3,21
17709617; 3,21
17724830; 3,22
17740048; 3,22
17755261; 3,21
17770475; 3,21
17785689; 3,22
17800902; 3,22
17816116; 3,22
17831329; 3,22
17846543; 3,22
17861756; 3,22
17876970; 3,22
17892184; 3,22
17907397; 3,22
17922611; 3,22
17937824; 3,22
17953038; 3,22
17968251; 3,22
17983465; 3,22
17998679; 3,22
18013892; 3,22
18029106; 3,22
18044318; 3,22
18059532; 3,22
18074745; 3,22
18089959; 3,22
18105172; 3,22
18120386; 3,22
18135600; 3,22
18150813; 3,22
18166027; 3,22
18181240; 3,23
18196462; 3,22
18211676; 3,23
18226893; 3,22
18242107; 3,22
18257320; 3,23
18272534; 3,23
18287748; 3,22
18302961; 3,23
18318175; 3,23
18333388; 3,23
18348602; 3,22
18363815; 3,23
18379037; 3,23
18394251; 3,22
18409464; 3,23
18424678; 3,23
18439891; 3,23
18455105; 3,23
18470319; 3,23
18485532; 3,23
18500746; 3,23
18515959; 3,23
18531173; 3,23
18546386; 3,23
18561600; 3,23
18576814; 3,23
18592027; 3,23
18607241; 3,23
18622454; 3,23
18637668; 3,23
18652881; 3,23
18668095; 3,23
18683309; 3,23
18698522; 3,23
18713739; 3,23
18728952; 3,23
18744166; 3,23
18759379; 3,23
18774593; 3,23
18789807; 3,23
18805020; 3,23
18820234; 3,24
18835447; 3,23
18850661; 3,23
18865874; 3,23
18881088; 3,23
18896302; 3,23
18911515; 3,23
18926729; 3,23
18941942; 3,23
18957156; 3,24
18972369; 3,23
18987583; 3,23
19002797; 3,24
19018010; 3,24
19033224; 3,24
19048437; 3,24
19063651; 3,23
19078872; 3,24
19094085; 3,24
19109299; 3,24
19124512; 3,24
19139726; 3,24
19154939; 3,24
19170153; 3,24
19185367; 3,24
19200584; 3,24
19215798; 3,24
19231011; 3,24
19246225; 3,24
19261438; 3,24
19276660; 3,24
19291874; 3,24
19307087; 3,24
19322301; 3,24
19337515; 3,24
19352728; 3,24
19367942; 3,25
19383155; 3,24
19398369; 3,24
19413582; 3,24
19428796; 3,24
19444009; 3,24
19459223; 3,24
19474437; 3,24
19489650; 3,24
19504863; 3,24
19520076; 3,24
19535290; 3,24
19550503; 3,24
19565717; 3,24
19580931; 3,24
19596144; 3,24
19611358; 3,24
19626571; 3,25
19641785; 3,24
19656998; 3,25
19672212; 3,24
19687430; 3,24
19702643; 3,24
19717857; 3,24
19733070; 3,24
19748284; 3,25
19763496; 3,24
19778710; 3,25
19793924; 3,24
19809137; 3,24
19824351; 3,24
19839564; 3,24
19854778; 3,25
19869991; 3,24
19885205; 3,24
19900419; 3,25
19915632; 3,25
19930846; 3,25
19946059; 3,25
19961273; 3,25
19976495; 3,25
19991708; 3,25
20006922; 3,25
20022135; 3,25
20037349; 3,25
20052562; 3,24
20067775; 3,24
20082989; 3,25
20098202; 3,25
20113416; 3,24
20128629; 3,25
20143843; 3,25
20159056; 3,25
20174282; 3,25
20189496; 3,25
20204709; 3,25
20219923; 3,25
20235137; 3,25
20250350; 3,25
20265564; 3,25
20280777; 3,25
20295991; 3,25
20311204; 3,25
20326418; 3,25
20341632; 3,25
20356845; 3,26
20372059; 3,25
20387272; 3,25
20402486; 3,25
20417699; 3,25
20432913; 3,25
20448125; 3,25
20463339; 3,25
20478553; 3,25
20493766; 3,25
20508980; 3,25
20524193; 3,25
20539407; 3,25
20554620; 3,25
20569834; 3,25
20585048; 3,25
20600261; 3,25
20615475; 3,25
20630688; 3,25
20645902; 3,25
20661118; 3,25
20676332; 3,25
20691546; 3,25
20706759; 3,25
20721973; 3,25
20737186; 3,25
20752400; 3,25
20767613; 3,25
20782827; 3,25
20798041; 3,25
20813254; 3,25
20828468; 3,25
20843681; 3,25
20858903; 3,26
20874116; 3,25
20889329; 3,25
20904543; 3,25
20919756; 3,25
20934970; 3,25
20950183; 3,25
20965397; 3,26
20980611; 3,26
20995824; 3,25
21011038; 3,25
21026251; 3,25
21041465; 3,25
21056678; 3,25
21071892; 3,25
21087114; 3,25
21102327; 3,25
21117541; 3,25
21132754; 3,25
21147972; 3,26
21163186; 3,26
21178399; 3,25
21193612; 3,26
21208825; 3,25
21224039; 3,26
21239252; 3,25
21254466; 3,25
21269680; 3,26
21284893; 3,25
21300107; 3,25
21315320; 3,26
21330534; 3,26
21345747; 3,25
21360961; 3,25
21376175; 3,25
21391388; 3,26
21406601; 3,26
21421814; 3,26
21437028; 3,26
21452241; 3,26
21467455; 3,26
21482669; 3,26
21497882; 3,26
21513096; 3,26
21528309; 3,26
21543523; 3,26
21558736; 3,26
21573950; 3,26
21589164; 3,26
21604377; 3,26
21619591; 3,26
21634807; 3,26
21650021; 3,26
21665234; 3,26
21680448; 3,26
21695662; 3,25
21710875; 3,26
21726089; 3,26
21741302; 3,26
21756523; 3,26
21771737; 3,26
21786950; 3,26
21802164; 3,26
21817377; 3,26
21832591; 3,25
21847804; 3,26
21863018; 3,25
21878232; 3,26
21893445; 3,26
21908658; 3,26
21923871; 3,26
21939085; 3,26
21954298; 3,26
21969512; 3,26
21984735; 3,26
21999948; 3,26
22015161; 3,26
22030374; 3,26
22045588; 3,26
22060802; 3,26
22076015; 3,26
22091229; 3,26
22106442; 3,26
22121660; 3,26
22136872; 3,26
22152086; 3,26
22167300; 3,26
22182513; 3,26
22197727; 3,26
22212940; 3,26
22228154; 3,26
22243367; 3,26
22258581; 3,26
22273795; 3,26
22289008; 3,26
22304221; 3,26
22319434; 3,26
22334648; 3,26
22349861; 3,26
22365075; 3,26
22380289; 3,26
22395502; 3,26
22410716; 3,26
22425929; 3,26
22441143; 3,26
22456356; 3,26
22471570; 3,26
22486782; 3,26
22501996; 3,26
22517210; 3,26
22532423; 3,26
22547637; 3,26
22562850; 3,26
22578064; 3,26
22593277; 3,26
22608494; 3,26
22623708; 3,26
22638929; 3,26
22654143; 3,26
22669357; 3,26
22684570; 3,26
22699784; 3,26
22714997; 3,26
22730210; 3,26
22745423; 3,26
22760637; 3,26
22775851; 3,26
22791064; 3,26
22806278; 3,26
22821491; 3,26
22836705; 3,26
22851918; 3,27
22867132; 3,26
22882354; 3,26
22897567; 3,26
22912781; 3,26
22927994; 3,26
22943208; 3,26
22958422; 3,26
22973634; 3,25
22988848; 3,26
23004061; 3,26
23019275; 3,26
23034488; 3,26
23049702; 3,26
23064915; 3,26
23080129; 3,26
23095346; 3,26
23110559; 3,26
23125773; 3,26
23140986; 3,26
23156200; 3,26
23171414; 3,26
23186627; 3,26
23201840; 3,26
23217053; 3,26
23232267; 3,26
23247480; 3,26
23262694; 3,26
23277907; 3,26
23293121; 3,26
23308335; 3,26
23323548; 3,26
23338761; 3,26
23353974; 3,26
23369188; 3,26
23384401; 3,26
23399615; 3,26
23414829; 3,26
23430042; 3,26
23445256; 3,26
23460469; 3,26
23475682; 3,26
23490895; 3,26
23506109; 3,26
23521323; 3,26
23536544; 3,26
23551758; 3,26
23566971; 3,26
23582188; 3,26
23597402; 3,26
23612615; 3,26
23627829; 3,26
23643042; 3,26
23658256; 3,26
23673468; 3,26
23688682; 3,26
23703896; 3,26
23719109; 3,26
23734323; 3,26
23749536; 3,26
23764750; 3,26
23779972; 3,26
23795185; 3,26
23810399; 3,26
23825612; 3,26
23840826; 3,26
23856039; 3,26
23871252; 3,26
23886466; 3,26
23901679; 3,26
23916893; 3,26
23932106; 3,26
23947320; 3,26
23962533; 3,27
23977747; 3,26
23992961; 3,26
24008173; 3,26
24023387; 3,26
24038600; 3,26
24053814; 3,26
24069031; 3,26
24084244; 3,26
24099458; 3,26
24114671; 3,27
24129885; 3,26
24145098; 3,26
24160312; 3,26
24175525; 3,26
24190739; 3,26
24205952; 3,26
24221165; 3,26
24236379; 3,26
24251592; 3,26
24266806; 3,26
24282019; 3,26
24297233; 3,26
24312446; 3,26
24327660; 3,26
24342873; 3,26
24358086; 3,26
24373300; 3,26
24388513; 3,26
24403727; 3,26
24418940; 3,26
24434162; 3,26
24449375; 3,26
24464588; 3,26
24479802; 3,26
24495015; 3,26
24510229; 3,26
24525443; 3,26
24540656; 3,26
24555873; 3,26
24571086; 3,27
24586300; 3,26
24601513; 3,26
24616727; 3,26
24631940; 3,26
24647153; 3,26
24662367; 3,26
24677590; 3,26
24692803; 3,26
24708016; 3,26
24723229; 3,26
24738443; 3,27
24753656; 3,26
24768870; 3,26
24784083; 3,26
24799297; 3,27
24814510; 3,26
24829723; 3,26
24844937; 3,26
24860150; 3,26
24875364; 3,26
24890577; 3,26
24905791; 3,26
24921005; 3,26
24936217; 3,26
24951431; 3,26
24966644; 3,26
24981858; 3,26
24997071; 3,26
25012285; 3,26
25027499; 3,26
25042715; 3,26
25057929; 3,26
25073142; 3,26
25088356; 3,26
25103569; 3,26
25118783; 3,26
25133996; 3,26
25149209; 3,26
25164423; 3,26
25179636; 3,26
25194850; 3,26
25210063; 3,26
25225277; 3,26
25240489; 3,27
25255703; 3,26
25270917; 3,26
25286130; 3,26
25301344; 3,26
25316566; 3,26
25331779; 3,26
25346992; 3,26
25362205; 3,26
25377419; 3,26
25392632; 3,26
25407846; 3,27
25423059; 3,26
25438273; 3,26
25453486; 3,26
25468699; 3,26
25483913; 3,26
25499126; 3,26
25514340; 3,26
25529556; 3,26
25544770; 3,26
25559984; 3,26
25575206; 3,26
25590419; 3,26
25605633; 3,26
25620846; 3,26
25636060; 3,26
25651273; 3,26
25666487; 3,26
25681700; 3,27
25696913; 3,26
25712126; 3,26
25727340; 3,27
25742554; 3,26
25757767; 3,26
25772981; 3,26
25788194; 3,26
25803407; 3,27
25818620; 3,26
25833834; 3,26
25849048; 3,26
25864261; 3,26
25879475; 3,26
25894688; 3,27
25909901; 3,26
25925114; 3,26
25940328; 3,26
25955542; 3,26
25970755; 3,26
25985969; 3,26
26001182; 3,26
26016399; 3,26
26031612; 3,26
26046826; 3,26
26062040; 3,26
26077252; 3,26
26092466; 3,26
26107679; 3,26
26122893; 3,26
26138106; 3,26
26153320; 3,26
26168534; 3,26
26183746; 3,26
26198960; 3,26
26214181; 3,26
26229395; 3,26
26244609; 3,26
26259821; 3,26
26275035; 3,26
26290248; 3,27
26305462; 3,26
26320675; 3,26
26335889; 3,26
26351102; 3,26
26366315; 3,26
26381529; 3,26
26396742; 3,26
26411956; 3,26
26427169; 3,27
26442383; 3,26
26457596; 3,26
26472818; 3,26
26488032; 3,27
26503248; 3,26
26518462; 3,26
26533676; 3,26
26548889; 3,26
26564103; 3,26
26579315; 3,26
26594529; 3,26
26609742; 3,27
26624956; 3,26
26640169; 3,26
26655383; 3,26
26670597; 3,27
26685809; 3,26
26701023; 3,27
26716236; 3,26
26731450; 3,27
26746663; 3,26
26761877; 3,26
26777090; 3,27
26792303; 3,27
26807517; 3,27
26822730; 3,27
26837944; 3,26
26853157; 3,26
26868371; 3,26
26883584; 3,26
26898797; 3,27
26914011; 3,26
26929224; 3,26
26944438; 3,26
26959651; 3,26
26974864; 3,26
26990082; 3,27
27005295; 3,26
27020509; 3,27
27035721; 3,26
27050935; 3,27
27066148; 3,27
27081362; 3,27
27096584; 3,26
27111797; 3,26
27127010; 3,26
27142223; 3,27
27157437; 3,27
27172651; 3,27
27187864; 3,27
27203078; 3,27
27218290; 3,27
27233504; 3,27
27248717; 3,26
27263931; 3,26
27279144; 3,26
27294358; 3,26
27309571; 3,26
27324784; 3,26
27339998; 3,27
27355211; 3,26
27370433; 3,26
27385647; 3,26
27400860; 3,27
27416074; 3,27
27431287; 3,27
27446501; 3,26
27461713; 3,27
27476931; 3,26
27492145; 3,27
27507358; 3,27
27522571; 3,26
27537784; 3,26
27552998; 3,26
27568211; 3,26
27583425; 3,27
27598639; 3,26
27613851; 3,27
27629065; 3,27
27644278; 3,26
27659492; 3,27
27674705; 3,26
27689919; 3,26
27705132; 3,27
27720345; 3,27
27735559; 3,26
27750772; 3,27
27765986; 3,27
27781199; 3,27
27796412; 3,27
27811625; 3,27
27826839; 3,26
27842053; 3,27
27857266; 3,27
27872480; 3,26
27887692; 3,26
27902906; 3,27
27918119; 3,27
27933333; 3,27
27948547; 3,26
27963763; 3,27
27978977; 3,26
27994199; 3,27
28009411; 3,26
28024625; 3,27
28039838; 3,27
28055052; 3,27
28070265; 3,27
28085479; 3,27
28100691; 3,26
28115905; 3,26
28131119; 3,27
28146332; 3,27
28161546; 3,26
28176759; 3,27
28191972; 3,27
28207185; 3,27
28222399; 3,27
28237613; 3,26
28252826; 3,27
28268048; 3,26
28283261; 3,27
28298475; 3,27
28313688; 3,27
28328901; 3,27
28344115; 3,27
28359328; 3,27
28374542; 3,26
28389755; 3,27
28404968; 3,26
28420182; 3,26
28435395; 3,27
28450613; 3,27
28465825; 3,27
28481039; 3,27
28496252; 3,27
28511466; 3,26
28526680; 3,27
28541892; 3,27
28557106; 3,26
28572319; 3,27
28587533; 3,27
28602746; 3,27
28617960; 3,27
28633172; 3,27
28648386; 3,27
28663600; 3,27
28678813; 3,27
28694027; 3,27
28709239; 3,27
28724453; 3,27
28739666; 3,27
28754880; 3,26
28770094; 3,27
28785307; 3,27
28800520; 3,26
28815733; 3,27
28830947; 3,27
28846160; 3,27
28861374; 3,27
28876587; 3,27
28891808; 3,27
28907022; 3,27
28922235; 3,27
28937452; 3,27
28952666; 3,27
28967879; 3,27
28983093; 3,27
28998305; 3,27
29013519; 3,27
29028732; 3,26
29043946; 3,27
29059160; 3,26
29074372; 3,27
29089586; 3,27
29104799; 3,27
29120013; 3,27
29135226; 3,27
29150439; 3,27
29165662; 3,27
29180875; 3,27
29196088; 3,27
29211301; 3,26
29226515; 3,27
29241729; 3,27
29256942; 3,27
29272155; 3,27
29287368; 3,27
29302582; 3,27
29317795; 3,27
29333009; 3,27
29348221; 3,27
29363435; 3,27
29378649; 3,27
29393862; 3,27
29409076; 3,27
29424292; 3,27
29439506; 3,27
29454720; 3,27
29469932; 3,27
29485146; 3,27
29500359; 3,27
29515573; 3,27
29530786; 3,27
29545999; 3,27
29561212; 3,27
29576426; 3,27
29591640; 3,27
29606853; 3,27
29622066; 3,27
29637279; 3,27
29652493; 3,27
29667706; 3,27
29682920; 3,27
29698132; 3,27
29713346; 3,27
29728560; 3,27
29743773; 3,27
29758987; 3,27
29774208; 3,27
29789421; 3,27
29804635; 3,27
29819848; 3,27
29835062; 3,27
29850274; 3,27
29865488; 3,27
29880701; 3,27
29895915; 3,27
29911132; 3,27
29926345; 3,26
29941559; 3,27
29956771; 3,27
29971985; 3,27
29987198; 3,27
30002412; 3,27
30017626; 3,27
30032838; 3,27
30048052; 3,27
30063275; 3,27
30078487; 3,27
30093701; 3,27
30108914; 3,27
30124128; 3,27
30139341; 3,27
30154554; 3,27
30169767; 3,27
30184981; 3,27
30200195; 3,27
30215408; 3,27
30230621; 3,27
30245834; 3,27
30261048; 3,27
30276261; 3,27
30291475; 3,27
30306688; 3,27
30321901; 3,27
30337115; 3,27
30352328; 3,27
30367542; 3,27
30382754; 3,27
30397972; 3,27
30413186; 3,27
30428398; 3,27
30443612; 3,27
30458825; 3,27
30474039; 3,27
30489251; 3,27
30504465; 3,27
30519678; 3,27
30534892; 3,27
30550106; 3,27
30565318; 3,27
30580532; 3,26
30595745; 3,27
30610959; 3,27
30626172; 3,27
30641385; 3,27
30656599; 3,27
30671820; 3,27
30687033; 3,27
30702246; 3,27
30717460; 3,27
30732674; 3,27
30747887; 3,27
30763100; 3,27
30778313; 3,27
30793527; 3,27
30808740; 3,27
30823954; 3,27
30839166; 3,27
30854380; 3,27
30869594; 3,27
30884810; 3,27
30900024; 3,27
30915237; 3,27
30930451; 3,27
30945664; 3,27
30960886; 3,27
30976100; 3,27
30991312; 3,26
31006526; 3,27
31021740; 3,27
31036953; 3,27
31052166; 3,27
31067379; 3,27
31082593; 3,27
31097806; 3,27
31113020; 3,27
31128232; 3,27
31143446; 3,27
31158660; 3,27
31173873; 3,27
31189086; 3,27
31204299; 3,27
31219513; 3,27
31234726; 3,27
31249940; 3,27
31265153; 3,27
31280366; 3,27
31295580; 3,27
31310793; 3,27
31326006; 3,27
31341219; 3,27
31356433; 3,27
31371650; 3,27
31386863; 3,27
31402076; 3,27
31417289; 3,27
31432502; 3,27
31447715; 3,27
31462929; 3,27
31478141; 3,27
31493355; 3,27
31508568; 3,27
31523781; 3,27
31538995; 3,27
31554215; 3,28
31569429; 3,27
31584642; 3,27
31599855; 3,27
31615068; 3,27
31630281; 3,27
31645495; 3,27
31660707; 3,27
31675921; 3,27
31691133; 3,27
31706347; 3,27
31721560; 3,27
31736773; 3,27
31751987; 3,27
31767199; 3,27
31782413; 3,27
31797625; 3,27
31812839; 3,27
31828052; 3,28
31843265; 3,27
