"Marca temporal","Enunciado de la pregunta","Respuesta correcta","Respuesta incorrecta UNO","Respuesta incorrecta DOS","Respuesta incorrecta TRES"
"2018/04/25 6:53:52 p. m. GMT","¿Qué operador realiza la comparación lógica OR en ARDUINO?","||","&&","!","+"
"2018/04/25 7:02:35 p. m. GMT","¿Qué resistencia es más conveniente colocar en serie con un LED para que se encienda a 5V?","220 Ohmios","2200 Ohmios","22 Kilo Ohmios","22 Mega Ohmios"
"2018/04/25 7:05:55 p. m. GMT","¿Qué función de ARDUINO, siempre presente, repite sus órdenes constantemente?","void loop()","void setup()","void()","for "
"2018/04/27 12:33:50 p. m. GMT","¿Qué significa la abreviación 'OS' en el lenguaje informático?","Operative System","Open Source","Open Software","Operative Software"
"2018/04/27 12:34:11 p. m. GMT","¿Qué significa la abreviación 'OS' en el lenguaje informático?","Operative System","Open Source","Open Software","Operative Software"
"2018/04/27 12:34:31 p. m. GMT","¿Que tres extensiones son necesarias en una libreria de arduino?"," .h .cpp .txt ",".p .hpp .txt",".setup .void .cpp",".ppc .h .txt"
"2018/04/28 7:02:39 p. m. GMT","¿Qué estructura del lenguaje en ARDUINOes la condicional?","if...else","si..no","if...end","while"
"2018/04/28 7:04:11 p. m. GMT","La función pinMode admite tres modos de operación. ¿Cuál es el incorrecto?"," INPUT_PULLDOWN","INPUT","OUTPUT"," INPUT_PULLUP"
"2018/04/28 7:05:48 p. m. GMT","¿Qué función matemática realiza en ARDUINO una regla de tres?","map()","max()","pow()","tres()"
"2018/04/28 7:07:40 p. m. GMT","¿Con qué relacionas el comando ramdom()?","pseudo-aleatoriedad","Números aleatorios","Números grandes","pre-aleatoriedad"
"2018/04/28 7:09:53 p. m. GMT","Imprime el resultado en el Monitor Serie y salta a la siguiente línea","Serial.println()","Serial.print()","Serial.printline()","Serial.Write()"
"2018/04/28 7:13:22 p. m. GMT","¿Cómo se denomina el problema que surge cuando la función millis() completa su cuenta y empieza desde cero?","rollover","count-down","time reset","time down-up"
"2018/04/28 7:14:15 p. m. GMT","¿Qué cuenta la función millis() ?","milisegundos","milésimas","microsegundos","miliminutos"
"2018/04/28 7:15:09 p. m. GMT","¿Qué máximo valor devuelve una función analogRead()?","1023","1024","255","512"
"2018/04/28 7:16:59 p. m. GMT","¿Cuál es el máximo valor que puedo escribir con un analogWrite()?","255","256","254","1023"
"2018/04/28 7:20:27 p. m. GMT","¿Qué técnica usa la función analogWrite() para poder escribir un valor analógico?","PWM","Transformador","Filtro variable ","FSK"
"2018/04/28 7:22:18 p. m. GMT","¿Qué hace la función tone()?","Toca un tono","Toca una música","Pone a tono ARDUINO","Resetea"
"2018/04/28 7:23:48 p. m. GMT","¿Qué función trigonométrica es INCORRECTA en ARDUINO?","sen()","sin()","cos()","tan()"
"2018/05/04 11:57:04 a. m. GMT","¿Quién inventó el motor de corriente alterna?","Nikola Tesla","Henry Ford","William Stanley","Thomas Alva Edison"
"2018/05/04 11:58:41 a. m. GMT","¿Cuál es el motor gráfico que usa el videojuego: Duke Nukem Forever?","Unreal Engine 1","Unity","FOX Engine","Unreal Engine 2"
"2018/05/04 12:02:08 p. m. GMT","¿Cuál es el ""Konami Code""?","↑↑↓↓←→←→ B A  START","↑↑↓↓→←→← B A  START","↑↑↓↓←→←→ A B START","↑↓↑↓←←→→ A B START"
"2018/05/04 12:05:38 p. m. GMT","¿De qué no está compuesto un sistema de telecomunicaciones?","Código","Canal","Receptor","Emisor"
"2018/05/04 12:07:22 p. m. GMT","Teniendo en cuenta los factores físicos como la velocidad de la luz y la temperatura constante en 500 K en la Tierra y la variación de energía interna igual a 0, ¿cuál es la masa del Sol?","1,989 × 10^30 kg","1,989 × 10^35 kg","2,987 × 10^30 kg","1,987 × 10^15 kg"
"2018/05/04 12:10:50 p. m. GMT","Si tengo 5 velas encendidas y apago 2, ¿cuántas velas me quedan en t=0s?","5","2","3","7"
"2018/05/04 12:12:34 p. m. GMT","¿Cuál es el apellido de Mario y Luigi?","Mario","Bros","Ravioli","Monchini"
"2018/05/04 12:13:03 p. m. GMT","¿Cuál es el porcentaje aproximado de aprobados en la asignatura ""Física I""?","15%","74%","5%","56%"
"2018/05/04 12:13:23 p. m. GMT","Quién ha muerto más veces a lo largo de bola de dragón","Krillin","Goku","Vegeta","Yamcha"
"2018/05/04 12:16:55 p. m. GMT","¿Cuál de estos lenguajes de programación no existe?","Vulkan","Python","Java Script","SQL"
"2018/05/04 12:17:34 p. m. GMT","¿En qué año consiguió el hombre llegar a la Luna?","1969","1986","1980","1964"
"2018/05/04 12:20:03 p. m. GMT","¿Cuál de estos personajes NO es de Nintendo?","Spyro","Samus Aran","Ike","Rey Dedede"
"2018/05/04 12:21:30 p. m. GMT","¿Cuál fue el primer videojuego creado en la histora?","OXO","Pong","Space War","Tenis for Two"
"2018/05/04 12:28:25 p. m. GMT","¿Cual fue el primer grupo de k-pop en ganar en los Billboards?","BTS","Block B","EXO","B.A.P"
"2018/05/04 12:28:28 p. m. GMT","¿Qué descarga eléctrica de la atmósfera puede alcanzar los 100 millones de voltios?","Rayo","Trueno","Impactrueno","Relámpago"
"2018/05/04 12:28:54 p. m. GMT","¿Cual es el coche mas rapido del mundo?","Hennessey Venom f5","Koenigsegg Agera RS","Bugatti Chiron","Tesla Roadster"
"2018/05/04 12:30:09 p. m. GMT","¿Cuántos mundos existen en el anime de Mirai Nikki?","3","2","4","Infinitos"
"2018/05/04 12:31:22 p. m. GMT","¿Cual es la velocidad mas rapida alcanzada por un automovil?","484 km/h","380 km/h","350km/h","399 km/h"
"2018/05/04 12:32:24 p. m. GMT","¿En qué lenguaje funciona Arduino?","C++","Java ","C#","JavaScript"
"2018/05/04 12:34:03 p. m. GMT","¿De cuántos colores puede ser Yoshi?","10","9","7","8"
"2018/05/04 12:36:34 p. m. GMT","A qué equivale el número ""e''","2'718","2718","3'718","35"
"2018/05/04 12:36:45 p. m. GMT","¿Que hdad de jerez es servita?","Angustias","tres caidas","yo que se hulio","a saber"
"2018/05/04 12:36:53 p. m. GMT","¿Quién sobrevive en Vengadores: Infinity War?","Iron Man","Spider-Man","Drax","Bruja Escarlata"
"2018/05/04 12:36:59 p. m. GMT","¿Cómo se llama el mayor enemigo de MegaMan?","Dr. Willy","Dr. Strange","Dr. House","Mr. Sebastian"
"2018/05/04 12:38:01 p. m. GMT","¿Cómo se llama el informante de Ikebukuro y antagonista en el anime Durarara?","Izaya Orihara","Shizuo Heiwajima","Celty","Izaya Heiwajima"
"2018/05/04 12:38:25 p. m. GMT","¿Qué mide el tubo de Pitot?","La presion total.","Velocidad del aire.","Viscosidad del aire.","Velocidad del avión."
"2018/05/04 12:38:25 p. m. GMT","¿quien es el piloto que mas grandes premios de motociclismo ha ganado?","Valentino Rossi","Marc  Márquez","Giacomo Agostni","Mick Doohan"